<?xml version="1.0" encoding="UTF-8"?>
<GenRun Id="IM_synth_1" LaunchPart="xc7a100tcsg324-1" LaunchTime="1621658371">
  <File Type="PA-TCL" Name="IM.tcl"/>
  <File Type="REPORTS-TCL" Name="IM_reports.tcl"/>
  <File Type="RDS-RDS" Name="IM.vds"/>
  <File Type="RDS-UTIL" Name="IM_utilization_synth.rpt"/>
  <File Type="RDS-UTIL-PB" Name="IM_utilization_synth.pb"/>
  <File Type="RDS-DCP" Name="IM.dcp"/>
  <FileSet Name="sources" Type="BlockSrcs" RelSrcDir="$PSRCDIR/IM">
    <File Path="$PSRCDIR/sources_1/ip/IM/IM.xci">
      <FileInfo>
        <Attr Name="UsedIn" Val="synthesis"/>
        <Attr Name="UsedIn" Val="implementation"/>
        <Attr Name="UsedIn" Val="simulation"/>
      </FileInfo>
    </File>
    <Config>
      <Option Name="TopModule" Val="IM"/>
      <Option Name="UseBlackboxStub" Val="1"/>
    </Config>
  </FileSet>
  <FileSet Name="constrs_in" Type="BlockSrcs" RelSrcDir="$PSRCDIR/IM">
    <File Path="$PSRCDIR/sources_1/ip/IM/IM.xci">
      <FileInfo>
        <Attr Name="UsedIn" Val="synthesis"/>
        <Attr Name="UsedIn" Val="implementation"/>
        <Attr Name="UsedIn" Val="simulation"/>
      </FileInfo>
    </File>
    <Config>
      <Option Name="TopModule" Val="IM"/>
      <Option Name="UseBlackboxStub" Val="1"/>
    </Config>
  </FileSet>
  <FileSet Name="utils" Type="Utils" RelSrcDir="$PSRCDIR/utils_1">
    <Filter Type="Utils"/>
    <Config>
      <Option Name="TopAutoSet" Val="TRUE"/>
    </Config>
  </FileSet>
  <Strategy Version="1" Minor="2">
    <StratHandle Name="Vivado Synthesis Defaults" Flow="Vivado Synthesis 2020"/>
    <Step Id="synth_design"/>
  </Strategy>
</GenRun>
