<?xml version="1.0" encoding="UTF-8"?>
<GenRun Id="DM_synth_1" LaunchPart="xc7a100tcsg324-1" LaunchTime="1621342178">
  <File Type="PA-TCL" Name="DM.tcl"/>
  <File Type="REPORTS-TCL" Name="DM_reports.tcl"/>
  <File Type="RDS-RDS" Name="DM.vds"/>
  <File Type="RDS-UTIL" Name="DM_utilization_synth.rpt"/>
  <File Type="RDS-UTIL-PB" Name="DM_utilization_synth.pb"/>
  <File Type="RDS-DCP" Name="DM.dcp"/>
  <FileSet Name="sources" Type="BlockSrcs" RelSrcDir="$PSRCDIR/DM">
    <File Path="$PSRCDIR/sources_1/ip/DM/DM.xci">
      <FileInfo>
        <Attr Name="UsedIn" Val="synthesis"/>
        <Attr Name="UsedIn" Val="implementation"/>
        <Attr Name="UsedIn" Val="simulation"/>
      </FileInfo>
    </File>
    <Config>
      <Option Name="TopModule" Val="DM"/>
      <Option Name="UseBlackboxStub" Val="1"/>
    </Config>
  </FileSet>
  <FileSet Name="constrs_in" Type="BlockSrcs" RelSrcDir="$PSRCDIR/DM">
    <File Path="$PSRCDIR/sources_1/ip/DM/DM.xci">
      <FileInfo>
        <Attr Name="UsedIn" Val="synthesis"/>
        <Attr Name="UsedIn" Val="implementation"/>
        <Attr Name="UsedIn" Val="simulation"/>
      </FileInfo>
    </File>
    <Config>
      <Option Name="TopModule" Val="DM"/>
      <Option Name="UseBlackboxStub" Val="1"/>
    </Config>
  </FileSet>
  <FileSet Name="utils" Type="Utils" RelSrcDir="$PSRCDIR/utils_1">
    <Filter Type="Utils"/>
    <Config>
      <Option Name="TopAutoSet" Val="TRUE"/>
    </Config>
  </FileSet>
  <Strategy Version="1" Minor="2">
    <StratHandle Name="Vivado Synthesis Defaults" Flow="Vivado Synthesis 2020"/>
    <Step Id="synth_design"/>
  </Strategy>
</GenRun>
