<?xml version="1.0" encoding="UTF-8"?>
<GenRun Id="impl_1" LaunchPart="xc7a100tcsg324-1" LaunchTime="1620201957">
  <File Type="ROUTE-PWR" Name="cputest_power_routed.rpt"/>
  <File Type="PA-TCL" Name="cputest.tcl"/>
  <File Type="ROUTE-PWR-SUM" Name="cputest_power_summary_routed.pb"/>
  <File Type="REPORTS-TCL" Name="cputest_reports.tcl"/>
  <File Type="BITSTR-MSK" Name="cputest.msk"/>
  <File Type="ROUTE-CLK" Name="cputest_clock_utilization_routed.rpt"/>
  <File Type="RDI-RDI" Name="cputest.vdi"/>
  <File Type="BG-BIT" Name="cputest.bit"/>
  <File Type="BG-DRC" Name="cputest.drc"/>
  <File Type="BG-BGN" Name="cputest.bgn"/>
  <File Type="BG-BIN" Name="cputest.bin"/>
  <File Type="BITSTR-RBT" Name="cputest.rbt"/>
  <File Type="BITSTR-NKY" Name="cputest.nky"/>
  <File Type="BITSTR-BMM" Name="cputest_bd.bmm"/>
  <File Type="ROUTE-METHODOLOGY-DRC" Name="cputest_methodology_drc_routed.rpt"/>
  <File Type="BITSTR-MMI" Name="cputest.mmi"/>
  <File Type="ROUTE-METHODOLOGY-DRC-PB" Name="cputest_methodology_drc_routed.pb"/>
  <File Type="BITSTR-SYSDEF" Name="cputest.sysdef"/>
  <File Type="ROUTE-DRC-RPX" Name="cputest_drc_routed.rpx"/>
  <File Type="BITSTR-LTX" Name="debug_nets.ltx"/>
  <File Type="BITSTR-LTX" Name="cputest.ltx"/>
  <File Type="RCFI_FILE" Name="cputest.rcfi"/>
  <File Type="WBT-USG" Name="usage_statistics_webtalk.html"/>
  <File Type="OPT-DRC" Name="cputest_drc_opted.rpt"/>
  <File Type="OPT-HWDEF" Name="cputest.hwdef"/>
  <File Type="PLACE-IO" Name="cputest_io_placed.rpt"/>
  <File Type="PLACE-UTIL" Name="cputest_utilization_placed.rpt"/>
  <File Type="PLACE-UTIL-PB" Name="cputest_utilization_placed.pb"/>
  <File Type="PLACE-CTRL" Name="cputest_control_sets_placed.rpt"/>
  <File Type="PLACE-PRE-SIMILARITY" Name="cputest_incremental_reuse_pre_placed.rpt"/>
  <File Type="ROUTE-DRC" Name="cputest_drc_routed.rpt"/>
  <File Type="ROUTE-DRC-PB" Name="cputest_drc_routed.pb"/>
  <File Type="ROUTE-PWR-RPX" Name="cputest_power_routed.rpx"/>
  <File Type="ROUTE-STATUS" Name="cputest_route_status.rpt"/>
  <File Type="ROUTE-STATUS-PB" Name="cputest_route_status.pb"/>
  <File Type="ROUTE-DCP" Name="cputest_routed.dcp"/>
  <File Type="ROUTE-ERROR-DCP" Name="cputest_routed_error.dcp"/>
  <File Type="ROUTE-BLACKBOX-DCP" Name="cputest_routed_bb.dcp"/>
  <File Type="ROUTE-TIMINGSUMMARY" Name="cputest_timing_summary_routed.rpt"/>
  <File Type="ROUTE-TIMING-PB" Name="cputest_timing_summary_routed.pb"/>
  <File Type="ROUTE-TIMING-RPX" Name="cputest_timing_summary_routed.rpx"/>
  <File Type="ROUTE-BUS-SKEW" Name="cputest_bus_skew_routed.rpt"/>
  <File Type="ROUTE-BUS-SKEW-PB" Name="cputest_bus_skew_routed.pb"/>
  <File Type="ROUTE-BUS-SKEW-RPX" Name="cputest_bus_skew_routed.rpx"/>
  <File Type="OPT-DCP" Name="cputest_opt.dcp"/>
  <File Type="PLACE-DCP" Name="cputest_placed.dcp"/>
  <File Type="PWROPT-DCP" Name="cputest_pwropt.dcp"/>
  <File Type="POSTPLACE-PWROPT-DCP" Name="cputest_postplace_pwropt.dcp"/>
  <File Type="PHYSOPT-DCP" Name="cputest_physopt.dcp"/>
  <File Type="POSTROUTE-PHYSOPT-DCP" Name="cputest_postroute_physopt.dcp"/>
  <File Type="POSTROUTE-PHYSOPT-BLACKBOX-DCP" Name="cputest_postroute_physopt_bb.dcp"/>
  <File Type="ROUTE-METHODOLOGY-DRC-RPX" Name="cputest_methodology_drc_routed.rpx"/>
  <File Type="PDI-FILE" Name="cputest.pdi"/>
  <File Type="CFI_FILE" Name="cputest.cfi"/>
  <File Type="RNPI_FILE" Name="cputest.rnpi"/>
  <File Type="NPI_FILE" Name="cputest.npi"/>
  <File Type="RBD_FILE" Name="cputest.rbd"/>
  <FileSet Name="sources" Type="DesignSrcs" RelSrcDir="$PSRCDIR/sources_1" RelGenDir="$PGENDIR/sources_1">
    <Filter Type="Srcs"/>
    <File Path="$PSRCDIR/sources_1/ip/IM/IM.xci">
      <FileInfo>
        <Attr Name="UsedIn" Val="synthesis"/>
        <Attr Name="UsedIn" Val="implementation"/>
        <Attr Name="UsedIn" Val="simulation"/>
      </FileInfo>
    </File>
    <File Path="$PSRCDIR/sources_1/new/ALU_Control.v">
      <FileInfo>
        <Attr Name="UsedIn" Val="synthesis"/>
        <Attr Name="UsedIn" Val="implementation"/>
        <Attr Name="UsedIn" Val="simulation"/>
      </FileInfo>
    </File>
    <File Path="$PSRCDIR/sources_1/new/AND.v">
      <FileInfo>
        <Attr Name="UsedIn" Val="synthesis"/>
        <Attr Name="UsedIn" Val="implementation"/>
        <Attr Name="UsedIn" Val="simulation"/>
      </FileInfo>
    </File>
    <File Path="$PSRCDIR/sources_1/new/Control.v">
      <FileInfo>
        <Attr Name="UsedIn" Val="synthesis"/>
        <Attr Name="UsedIn" Val="implementation"/>
        <Attr Name="UsedIn" Val="simulation"/>
      </FileInfo>
    </File>
    <File Path="$PSRCDIR/sources_1/new/ImmGen.v">
      <FileInfo>
        <Attr Name="UsedIn" Val="synthesis"/>
        <Attr Name="UsedIn" Val="implementation"/>
        <Attr Name="UsedIn" Val="simulation"/>
      </FileInfo>
    </File>
    <File Path="$PSRCDIR/sources_1/new/OR.v">
      <FileInfo>
        <Attr Name="UsedIn" Val="synthesis"/>
        <Attr Name="UsedIn" Val="implementation"/>
        <Attr Name="UsedIn" Val="simulation"/>
      </FileInfo>
    </File>
    <File Path="$PSRCDIR/sources_1/new/PC.v">
      <FileInfo>
        <Attr Name="UsedIn" Val="synthesis"/>
        <Attr Name="UsedIn" Val="implementation"/>
        <Attr Name="UsedIn" Val="simulation"/>
      </FileInfo>
    </File>
    <File Path="$PSRCDIR/sources_1/new/RF.v">
      <FileInfo>
        <Attr Name="UsedIn" Val="synthesis"/>
        <Attr Name="UsedIn" Val="implementation"/>
        <Attr Name="UsedIn" Val="simulation"/>
      </FileInfo>
    </File>
    <File Path="$PSRCDIR/sources_1/new/Shift1.v">
      <FileInfo>
        <Attr Name="UsedIn" Val="synthesis"/>
        <Attr Name="UsedIn" Val="implementation"/>
        <Attr Name="UsedIn" Val="simulation"/>
      </FileInfo>
    </File>
    <File Path="$PSRCDIR/sources_1/new/alu.v">
      <FileInfo>
        <Attr Name="UsedIn" Val="synthesis"/>
        <Attr Name="UsedIn" Val="implementation"/>
        <Attr Name="UsedIn" Val="simulation"/>
      </FileInfo>
    </File>
    <File Path="$PSRCDIR/sources_1/new/cpu.v">
      <FileInfo>
        <Attr Name="UsedIn" Val="synthesis"/>
        <Attr Name="UsedIn" Val="implementation"/>
        <Attr Name="UsedIn" Val="simulation"/>
      </FileInfo>
    </File>
    <File Path="$PSRCDIR/sources_1/new/mux.v">
      <FileInfo>
        <Attr Name="UsedIn" Val="synthesis"/>
        <Attr Name="UsedIn" Val="implementation"/>
        <Attr Name="UsedIn" Val="simulation"/>
      </FileInfo>
    </File>
    <File Path="$PSRCDIR/sources_1/new/pdu.v">
      <FileInfo>
        <Attr Name="UsedIn" Val="synthesis"/>
        <Attr Name="UsedIn" Val="implementation"/>
        <Attr Name="UsedIn" Val="simulation"/>
      </FileInfo>
    </File>
    <File Path="$PSRCDIR/sources_1/new/lab4.v">
      <FileInfo>
        <Attr Name="UsedIn" Val="synthesis"/>
        <Attr Name="UsedIn" Val="implementation"/>
        <Attr Name="UsedIn" Val="simulation"/>
      </FileInfo>
    </File>
    <File Path="$PPRDIR/../inst.coe">
      <FileInfo>
        <Attr Name="UsedIn" Val="synthesis"/>
        <Attr Name="UsedIn" Val="simulation"/>
      </FileInfo>
    </File>
    <File Path="$PPRDIR/../data.coe">
      <FileInfo>
        <Attr Name="UsedIn" Val="synthesis"/>
        <Attr Name="UsedIn" Val="simulation"/>
      </FileInfo>
    </File>
    <File Path="$PPRDIR/../fib_test.coe">
      <FileInfo>
        <Attr Name="UsedIn" Val="synthesis"/>
        <Attr Name="UsedIn" Val="simulation"/>
      </FileInfo>
    </File>
    <Config>
      <Option Name="DesignMode" Val="RTL"/>
      <Option Name="TopModule" Val="cputest"/>
      <Option Name="TopAutoSet" Val="TRUE"/>
    </Config>
  </FileSet>
  <FileSet Name="constrs_in" Type="Constrs" RelSrcDir="$PSRCDIR/constrs_1">
    <Filter Type="Constrs"/>
    <File Path="$PSRCDIR/constrs_1/new/cpu_1c.xdc">
      <FileInfo>
        <Attr Name="UsedIn" Val="synthesis"/>
        <Attr Name="UsedIn" Val="implementation"/>
      </FileInfo>
    </File>
    <Config>
      <Option Name="ConstrsType" Val="XDC"/>
    </Config>
  </FileSet>
  <FileSet Name="utils" Type="Utils" RelSrcDir="$PSRCDIR/utils_1">
    <Filter Type="Utils"/>
    <Config>
      <Option Name="TopAutoSet" Val="TRUE"/>
    </Config>
  </FileSet>
  <Strategy Version="1" Minor="2">
    <StratHandle Name="Vivado Implementation Defaults" Flow="Vivado Implementation 2020"/>
    <Step Id="init_design"/>
    <Step Id="opt_design"/>
    <Step Id="power_opt_design"/>
    <Step Id="place_design"/>
    <Step Id="post_place_power_opt_design"/>
    <Step Id="phys_opt_design"/>
    <Step Id="route_design"/>
    <Step Id="post_route_phys_opt_design"/>
    <Step Id="write_bitstream"/>
    <Step Id="write_device_image"/>
  </Strategy>
  <BlockFileSet Type="BlockSrcs" Name="DM"/>
</GenRun>
